<?xml version="1.0"?>
<config xmlns:xsi="http://www.w3.org/2001/XMLSchema-instance" xsi:noNamespaceSchemaLocation="urn:magento:module:Magento_Config:etc/system_file.xsd">
    <system>
        <section id="question_section" translate="label" type="text" sortOrder="100" showInDefault="1" showInWebsite="1" showInStore="1">
            <label>Product QA</label>
            <tab>general</tab>
            <resource>Product_Questions::question</resource>
            <group id="question" translate="label" type="text" sortOrder="10" showInDefault="1" showInWebsite="1" showInStore="1">
                <label>Product QA</label>
                <field id="enabled" translate="label" type="select" sortOrder="10" showInDefault="1" showInWebsite="1" showInStore="1" canRestore="1">
                    <label>Enable Product QA</label>
                    <source_model>Magento\Config\Model\Config\Source\Yesno</source_model>
                    <backend_model>Magento\Contact\Model\System\Config\Backend\Links</backend_model>
                </field>
            </group>
            <group id="approve" translate="label" type="text" sortOrder="50" showInDefault="1" showInWebsite="1" showInStore="1">
                <label>Approve section</label>
               
                <field id="question" translate="label" type="select" sortOrder="10" showInDefault="1" showInWebsite="1" showInStore="1" canRestore="1">
                    <label>Approve Question</label>
                    <source_model>Magento\Config\Model\Config\Source\Yesno</source_model>
                    <backend_model>Magento\Contact\Model\System\Config\Backend\Links</backend_model>
                </field>
                <field id="answer" translate="label" type="select" sortOrder="10" showInDefault="1" showInWebsite="1" showInStore="1" canRestore="1">
                    <label>Approve Answer</label>
                    <source_model>Magento\Config\Model\Config\Source\Yesno</source_model>
                    <backend_model>Magento\Contact\Model\System\Config\Backend\Links</backend_model>
                </field>
				 <field id="recipient_email" translate="label" type="text" sortOrder="10" showInDefault="1" showInWebsite="1" showInStore="1" canRestore="1">
                    <label>Send Emails To</label>
                    <validate>validate-email</validate>
                </field>
            </group>
        </section>
    </system>
</config>
